<?xml version="1.0" encoding="UTF-8"?>
<root>
  <item name="com.midtrans.sdk.ui.widgets.AspectRatioImageView void setDominantMeasurement(int) 0">
    <annotation name="android.support.annotation.IntDef">
      <val name="value" val="{com.midtrans.sdk.ui.widgets.AspectRatioImageView.MEASUREMENT_WIDTH, com.midtrans.sdk.ui.widgets.AspectRatioImageView.MEASUREMENT_HEIGHT}" />
    </annotation>
  </item>
  <item name="com.midtrans.sdk.ui.widgets.AspectRatioImageView.MeasurementDef">
    <annotation name="android.support.annotation.IntDef">
      <val name="value" val="{com.midtrans.sdk.ui.widgets.AspectRatioImageView.MEASUREMENT_WIDTH, com.midtrans.sdk.ui.widgets.AspectRatioImageView.MEASUREMENT_HEIGHT}" />
    </annotation>
  </item>
</root>

