<?xml version="1.0" encoding="UTF-8"?>
<root>
  <item name="com.midtrans.sdk.core.models.BankType.BankDef">
    <annotation name="android.support.annotation.StringDef">
      <val name="value" val="{com.midtrans.sdk.core.models.BankType.CIMB, com.midtrans.sdk.core.models.BankType.BCA, com.midtrans.sdk.core.models.BankType.MANDIRI, com.midtrans.sdk.core.models.BankType.BNI, com.midtrans.sdk.core.models.BankType.MAYBANK, com.midtrans.sdk.core.models.BankType.BRI, com.midtrans.sdk.core.models.BankType.DANAMON, com.midtrans.sdk.core.models.BankType.MANDIRI_DEBIT, com.midtrans.sdk.core.models.BankType.BNI_DEBIT_ONLINE}" />
    </annotation>
  </item>
  <item name="com.midtrans.sdk.core.models.Channel.ChannelDef">
    <annotation name="android.support.annotation.StringDef">
      <val name="value" val="{com.midtrans.sdk.core.models.Channel.DRAGON, com.midtrans.sdk.core.models.Channel.MIGS}" />
    </annotation>
  </item>
</root>

