<?xml version="1.0" encoding="UTF-8"?>
<root>
  <item name="com.midtrans.sdk.core.models.merchant.CreditCard void setBank(java.lang.String) 0">
    <annotation name="android.support.annotation.StringDef">
      <val name="value" val="{com.midtrans.sdk.core.models.BankType.CIMB, com.midtrans.sdk.core.models.BankType.BCA, com.midtrans.sdk.core.models.BankType.MANDIRI, com.midtrans.sdk.core.models.BankType.BNI, com.midtrans.sdk.core.models.BankType.MAYBANK, com.midtrans.sdk.core.models.BankType.BRI, com.midtrans.sdk.core.models.BankType.DANAMON, com.midtrans.sdk.core.models.BankType.MANDIRI_DEBIT, com.midtrans.sdk.core.models.BankType.BNI_DEBIT_ONLINE}" />
    </annotation>
  </item>
  <item name="com.midtrans.sdk.core.models.merchant.CreditCard void setChannel(java.lang.String) 0">
    <annotation name="android.support.annotation.StringDef">
      <val name="value" val="{com.midtrans.sdk.core.models.Channel.DRAGON, com.midtrans.sdk.core.models.Channel.MIGS}" />
    </annotation>
  </item>
  <item name="com.midtrans.sdk.core.models.merchant.Expiry Expiry(java.lang.String, java.lang.String, int) 1">
    <annotation name="android.support.annotation.StringDef">
      <val name="value" val="{com.midtrans.sdk.core.models.merchant.Expiry.UNIT_HOUR, com.midtrans.sdk.core.models.merchant.Expiry.UNIT_DAY, com.midtrans.sdk.core.models.merchant.Expiry.UNIT_MINUTE}" />
    </annotation>
  </item>
  <item name="com.midtrans.sdk.core.models.merchant.Expiry.TimeUnitDef">
    <annotation name="android.support.annotation.StringDef">
      <val name="value" val="{com.midtrans.sdk.core.models.merchant.Expiry.UNIT_HOUR, com.midtrans.sdk.core.models.merchant.Expiry.UNIT_DAY, com.midtrans.sdk.core.models.merchant.Expiry.UNIT_MINUTE}" />
    </annotation>
  </item>
</root>

